Job Board,Linki,Specialization,Select
PMI Career Center,https://careers.pmi.org,"Project management across all industries (healthcare, finance, IT, construction)",Project Management
Dice,https://www.dice.com,Technology-focused project management roles,Project Management
Indeed,https://www.indeed.com,General job board with extensive PM category,Project Management
Glassdoor,https://www.glassdoor.com,General with company reviews and salary data,Project Management
CareerBuilder,https://www.careerbuilder.com,General across multiple industries,Project Management
Monster,https://www.monster.com,General job board with PM listings,Project Management
Mind the Product,https://www.mindtheproduct.com/jobs,Curated PM roles from respected companies,Project Management
Uxcel Job Board,https://uxcel.com/jobs,Product management & UX design roles,Project Management
Product Hunt Jobs,https://www.producthunt.com/jobs,Startup-focused product management positions,Project Management
Lenny's Jobs,https://www.lennysjobs.com,Premium product roles at top tech companies,Project Management
Product School,https://productschool.com/jobs,"Product management roles, especially for bootcamp grads",Project Management
Built In,https://builtin.com,"Tech hub PM roles (Austin, Boston, Denver, etc.)",Project Management
Product Collective,https://productcollective.com/jobs,Software product management positions,Project Management
ProductHired,https://producthired.com,Career prep platform for PM professionals,Project Management
Product Marketing Alliance,https://productmarketingalliance.com/jobs,Product marketing globally,Project Management
Braintrust - Product,https://www.usebraintrust.com/job-boards/product-management,Free board for product management roles,Project Management
Simply Hired,https://www.simplyhired.com,PM job aggregator (nearly 2 decades of listings),Project Management
AIPMM Career Center,https://aipmm.com/career-center,Product marketing and management,Project Management
AIJobs.ai,https://aijobs.ai,"Leading AI, ML & data science job board",AI Consulting/Research
AAAI Career Center,https://www.aaai.org/jobs,"AI research (academia, industry, government)",AI Consulting/Research
JobBoardAI,https://jobboardai.com,Early-stage AI companies and startups,AI Consulting/Research
Jobtensor,https://jobtensor.com,"Tech, science, and AI job search engine",AI Consulting/Research
DataScienceJobs.com,https://datasciencejobs.com,"Data science, ML, and AI across industries",AI Consulting/Research
Starbridge Partners,https://starbridgepartners.com,Executive search for AI/ML professionals,AI Consulting/Research
Remotive (AI Category),https://remotive.com,Remote AI and ML roles,AI Consulting/Research
Towards AI,https://towardsai.net/jobs,AI research with learning resources,AI Consulting/Research
Bot-Jobs,https://bot-jobs.com,Conversational AI and chatbot development,AI Consulting/Research
DigitalMarketingJobs.com,https://digitalmarketingjobs.com,"SEO, PPC, social media, content marketing",Digital Marketing
Digital Agency Network,https://digitalagencynetwork.com/jobs,Digital marketing agencies and tools,Digital Marketing
Hey Marketers,https://heymarketers.com,Remote marketing roles from established tech companies,Digital Marketing
Demand Curve Jobs,https://www.demandcurve.com/jobs,"Growth marketing (PPC, SEO, UX writing)",Digital Marketing
MarketingHire,https://marketinghire.com,Specialized marketing recruitment,Digital Marketing
AMA Job Board,https://www.ama.org/careers,American Marketing Association board,Digital Marketing
We Work Remotely (Marketing),https://weworkremotely.com/categories/remote-marketing-jobs,Remote marketing positions,Digital Marketing
Jooble,https://jooble.org,Job aggregator with strong marketing category,Digital Marketing
Lensa,https://lensa.com,AI-powered job matching for marketing roles,Digital Marketing
VentureBeat Careers,https://venturebeat.com/careers,Tech marketing and advertising,Digital Marketing
TalentZoo,https://talentzoo.com,"Advertising, marketing, creative, digital",Digital Marketing
Krop.com,https://www.krop.com,Creative marketing positions,Digital Marketing
MediaBistro,https://www.mediabistro.com,Social media and traditional media marketing,Digital Marketing
PaidContent.org,https://paidcontent.org,Digital media and marketing,Digital Marketing
AdRants,https://adrants.com,Marketing and advertising news + jobs,Digital Marketing
Braintrust - Marketing,https://www.usebraintrust.com/job-boards/digital-marketing,Free digital marketing job board,Digital Marketing
Remoters,https://remoters.net,"Remote marketing (SEO, content, copywriting)",Digital Marketing
General/Cross-Functional Boards,,,
LinkedIn,https://www.linkedin.com/jobs,"Professional networking with 8,000+ AI consultant jobs",General
Indeed,https://www.indeed.com,Largest job board globally,General
Glassdoor,https://www.glassdoor.com,Company reviews and salary transparency,General
AngelList (Wellfound),https://www.wellfound.com,Startup jobs with equity transparency,General
Himalayas,https://himalayas.app,Remote jobs with timezone filters,General
FlexJobs,https://www.flexjobs.com,Hand-screened remote/flexible roles (subscription),General
Remote.co,https://remote.co,100% remote job listings,General
ZipRecruiter,https://www.ziprecruiter.com,General job board with AI matching,General
Milwaukee-Specific Resources,,,General
Built In Milwaukee,https://builtin.com/jobs/remote/milwaukee,Local tech companies with remote options,General
MilwaukeeJobs.com,https://milwaukeejobs.com,Milwaukee-area opportunities,General
JobsInMilwaukee.com,https://jobsinmilwaukee.com,Regional Milwaukee focus,Local
VentureFizz,https://venturefizz.com,"Startups and tech companies (US-wide, remote)",Local
Powderkeg,https://powderkeg.com,Tech jobs and remote positions across US,Local
RecruiterMedia,https://recruitermedia.com,27 regional job boards,Local
Workello,https://workello.com,Skills-based hiring with pre-hire assessments,Local
Hiring Cafe,https://hiringcafe.com,"Product, design, and growth roles",Local